"0","  # obiwarp_params <- xcms::ObiwarpParam(binSize = preproc_params$profStep,"
"0","  #                                      centerSample = preproc_params$centerSample,"
"0","  #                                      response = preproc_params$response,"
"0","  #                                      distFun = preproc_params$distFun, "
"0","  #                                      gapInit = preproc_params$gapInit,"
"0","  #                                      gapExtend = preproc_params$gapExtend,"
"0","  #                                      factorDiag = preproc_params$factorDiag, "
"0","  #                                      factorGap = preproc_params$factorGap, "
"0","  #                                      localAlignment = preproc_params$localAlignment,"
"0","  #                                      initPenalty = preproc_params$initPenalty)"
"0","  # peakdet_pos_align_no_blanks <- xcms::adjustRtime(peakdet_pos_no_blanks, param = obiwarp_params)"
"0","peakdet_pos_align_no_blanks = align_Rtime(peakdet_pos_no_blanks, params = preproc_params)"
